{
    "appKeys": {},
    "capabilities": [
        "location",
        "configurable"
    ],
    "companyName": "danislu+pebble@gmail.com",
    "longName": "NextBuss",
    "projectType": "pebblejs",
    "resources": {
        "media": [
            {
                "file": "images/menu_icon.png",
                "menuIcon": true,
                "name": "IMAGE_MENU_ICON",
                "type": "bitmap"
            },
            {
                "file": "images/logo_splash.png",
                "name": "IMAGE_LOGO_SPLASH",
                "type": "bitmap"
            },
            {
                "file": "images/tile_splash.png",
                "name": "IMAGE_TILE_SPLASH",
                "type": "bitmap"
            },
            {
                "file": "fonts/UbuntuMono-Regular.ttf",
                "name": "MONO_FONT_14",
                "type": "font"
            }
        ]
    },
    "sdkVersion": "3",
    "shortName": "NextBuss",
    "targetPlatforms": [
        "aplite",
        "basalt"
    ],
    "uuid": "44db94bc-69f7-47dc-a7c3-204792747d66",
    "versionCode": 1,
    "versionLabel": "1.2",
    "watchapp": {
        "hiddenApp": false,
        "watchface": false
    }
}
